task_index,messages_processed,time_seconds
1,132,38.43501949310303
2,132,35.19016695022583
3,132,37.78268218040466
4,132,35.28131318092346
5,132,33.88566732406616
6,132,37.539446115493774
7,132,37.56669521331787
8,132,34.00677537918091
9,132,33.51667904853821
10,132,36.444629192352295
11,132,37.9360625743866
12,132,34.77984547615051
13,132,36.675267457962036
14,132,35.043333292007446
15,132,33.86515283584595
16,132,35.83086800575256
17,132,35.95051026344299
18,132,36.544097900390625
19,132,34.81451106071472
20,132,35.16312050819397
21,132,35.69482469558716
22,132,35.68872690200806
23,132,35.4202983379364
24,132,32.153117179870605
25,132,35.91139245033264
26,132,37.304930210113525
27,132,33.79648804664612
28,132,35.66387391090393
29,132,36.415278673172
30,132,35.27852988243103
31,132,34.049970865249634
32,132,35.90818524360657
33,132,34.73494005203247
34,132,36.627869844436646
35,132,36.58074426651001
36,132,35.14102578163147
37,132,35.647040605545044
38,132,36.28583097457886
39,132,35.754399061203
40,132,36.70937180519104
41,132,36.177067279815674
42,132,36.32381749153137
43,132,36.696985483169556
44,132,35.5653395652771
45,132,37.77259397506714
46,132,35.249536991119385
47,132,35.66703748703003
48,132,35.43776178359985
49,132,38.81201410293579
50,132,36.47286295890808
51,132,38.105348348617554
52,132,37.63294744491577
53,132,33.126808404922485
54,132,36.50850057601929
55,132,37.28661584854126
56,132,33.72059869766235
57,132,36.78999996185303
58,132,34.77645802497864
59,132,35.00790500640869
60,132,36.65272259712219
61,132,35.7884304523468
62,132,37.17332458496094
63,132,34.783817529678345
64,132,34.77070903778076
65,132,34.411563873291016
66,132,35.26693367958069
67,132,34.06080770492554
68,132,34.13738298416138
69,132,36.90237784385681
70,132,32.92198443412781
71,132,35.19142246246338
72,132,36.408960819244385
73,132,38.46469712257385
74,132,35.38541221618652
75,132,35.08725929260254
76,132,36.20331573486328
77,132,37.76744198799133
78,132,36.87109899520874
79,132,34.63564705848694
80,132,36.50365090370178
81,132,33.49910640716553
82,132,37.742846727371216
83,132,35.22988557815552
84,132,33.98550319671631
85,132,36.09648275375366
86,132,34.55051112174988
87,132,36.777230978012085
88,132,34.0831458568573
89,132,36.653722286224365
90,132,35.41623592376709
91,132,36.154175996780396
92,132,35.14493775367737
93,132,36.26108980178833
94,132,34.9626100063324
95,132,34.113547563552856
96,132,33.31815958023071
97,132,34.5171594619751
98,132,37.58265829086304
99,132,36.40367317199707
100,132,35.33092784881592
